name,teaser_description,latitude,longitude,image_url,era,region,discovery_year,credibility_level,is_alternative,site_type_id,is_user_submitted,is_deleted,year_built,full_description,info_url
Göbekli Tepe,"The world’s oldest known temple, built 7,000 years before Stonehenge.",37.2231,38.9226,https://upload.wikimedia.org/wikipedia/commons/f/f2/G%C3%B6bekli_Tepe_Urfa.jpg,Pre‑Pottery Neolithic,Turkey,1994,High,FALSE,1,FALSE,FALSE,-9500,"Göbekli Tepe crowns a limestone ridge in southeastern Anatolia and has forced scholars to rethink the origins of monumentality. Radiocarbon dates show its circular enclosures were raised around 9600 BCE by hunter‑gatherers who had not yet adopted farming. Each enclosure is framed by T‑shaped pillars up to 5 m tall and 20 t in weight, many carved with reliefs of boars, foxes, scorpions and abstract symbols. The absence of domestic structures suggests the hill served as a regional cult centre that drew mobile groups together seasonally. Later, the builders intentionally buried earlier rings, creating a tell that preserved the carvings almost intact. Excavations and geo‑magnetic surveys hint at dozens more enclosures still underground, promising decades of future research. Recognised as a UNESCO site in 2018, Göbekli Tepe offers a unique window onto the spiritual life of the world’s first temple builders.",https://en.wikipedia.org/wiki/G%C3%B6bekli_Tepe
Stonehenge,Iconic Neolithic stone circle aligned with the solstices.,51.1789,-1.8262,https://upload.wikimedia.org/wikipedia/commons/3/3c/Stonehenge2007_07_30.jpg,Neolithic,England,1620,High,FALSE,3,FALSE,FALSE,-3000,"Stonehenge dominates Salisbury Plain with its massive sarsen trilithons and inner bluestone horseshoe. Construction unfolded between 3100 BCE and 1600 BCE, beginning with a circular ditch and timber posts before the stones were erected. Archaeoastronomy shows the axis frames midsummer sunrise and midwinter sunset, anchoring ritual gatherings. The smaller bluestones were quarried in west Wales and transported 250 km, attesting to complex logistics and social organisation. Recent stable‑isotope work on human remains reveals that some people buried nearby came from as far away as the Mediterranean. Laser scanning has identified previously unnoticed carvings of bronze‑age axe heads on the inner faces of uprights. Stonehenge anchors a rich ritual landscape of barrows, cursuses and avenues now preserved within a UNESCO World Heritage zone.",https://en.wikipedia.org/wiki/Stonehenge
Chichen Itza,Maya metropolis famed for El Castillo and its equinox serpent shadow.,20.6843,-88.5678,https://upload.wikimedia.org/wikipedia/commons/9/94/Chichen-Itza-Castillo-Seen-From-East.JPG,Postclassic,Mexico,1841,High,FALSE,3,FALSE,FALSE,600,"Chichen Itza flourished from the 9th to the 13th centuries CE, blending Maya and Toltec cultural elements. The central pyramid, El Castillo, doubles as a 365‑step calendar and projects a serpent‑shaped shadow along its stair at equinox sunset. The Great Ball Court, the largest in Mesoamerica, still carries acoustics that let whispered words travel 140 m. Cenote Sagrado, a natural sinkhole, yielded jade, gold and human remains, confirming the site’s role in pilgrimage and sacrifice. Laser mapping revealed a smaller pyramid nested inside El Castillo and a cenote beneath, suggesting phased construction. Hieroglyphic texts reference powerful lords named Kukulkan, mirroring central Mexican Quetzalcoatl cults. Chichen Itza remains a New Seven Wonders attraction drawing over two million visitors yearly.",https://en.wikipedia.org/wiki/Chichen_Itza
Angkor Wat,"The largest religious monument on Earth, surrounded by a vast moat.",13.4125,103.8667,https://upload.wikimedia.org/wikipedia/commons/a/a6/Angkor_Wat_temple.jpg,Khmer Empire,Cambodia,1860,High,FALSE,1,FALSE,FALSE,1113,"Angkor Wat, built by King Suryavarman II in the early 12th century, symbolises Mount Meru with its five central towers. Its 800 m of bas‑relief panels depict Hindu cosmology and historical battles in intricate low‑relief. The complex is oriented west, unusual for Khmer temples, suggesting a funerary function and solar symbolism. Later Buddhist pilgrims added thousands of graffiti inscriptions, attesting to a living sacred landscape. Recent LIDAR surveys uncovered an urban grid, reservoirs and roadways hidden beneath jungle, redefining Angkor as a true megacity. Conservation challenges include groundwater drawdown, microbial biofilms and tourist wear; joint Cambodian‑French teams manage restoration. Angkor Wat adorns Cambodia’s flag and remains a potent national icon and research focus.",https://en.wikipedia.org/wiki/Angkor_Wat
Teotihuacan,Pre‑Aztec city with grand Avenue of the Dead and gigantic pyramids.,19.6925,-98.8431,https://upload.wikimedia.org/wikipedia/commons/a/a1/Teotihuacan.jpg,Classic,Mexico,1675,High,FALSE,2,FALSE,FALSE,-100,"Teotihuacan thrived in central Mexico between 100 CE and 550 CE, growing to 20 sq km and housing over 100,000 people. Its urban grid centres on the Avenue of the Dead flanked by the Pyramid of the Moon and the 65‑m‑tall Pyramid of the Sun. Colourful murals show feathered serpents, jaguars and water symbolism tied to state ideology. Multi‑ethnic compounds hosted artisans from Oaxaca, the Gulf Coast and the Maya lowlands, reflecting cosmopolitan dynamics. Excavations of sealed tunnels found offerings of jaguar bones, greenstone masks and liquid mercury, perhaps to consecrate sacred caves. Teotihuacan’s collapse remains debated; drought, internal unrest and shifting trade are leading hypotheses. Its urban template inspired later cultures—most notably the Aztec, who considered it the 'City of the Gods'.",https://en.wikipedia.org/wiki/Teotihuacan
Giza Pyramid,"The Great Pyramid of Khufu, last standing Ancient Wonder of the World.",29.9792,31.1342,https://upload.wikimedia.org/wikipedia/commons/e/e3/Khufu_Pyramid.jpg,Old Kingdom,Egypt,450,High,FALSE,1,FALSE,FALSE,-2580,"The Great Pyramid, completed around 2580 BCE, originally stood 146.6 m tall and was sheathed in polished Tura limestone. Its 2.3 million blocks average 2.5 t, aligned to true north within 3 minutes of arc. Interior passages lead to the King’s Chamber, Queen’s Chamber and subterranean chamber whose purposes remain debated. In 2017, muon tomography revealed a 30‑m‑long void above the Grand Gallery, sparking new questions about construction ramps or hidden rooms. Work gangs left red‑ink quarry marks and hieroglyphs naming crews like 'Friends of Khufu', refuting alien‑build theories. Giza’s plateau also houses the Pyramid of Khafre, small Pyramid of Menkaure, satellite queens' pyramids and the Great Sphinx. Continuous conservation tackles pollution, groundwater rise and visitor impact while balancing Egypt’s tourism economy.",https://en.wikipedia.org/wiki/Great_Pyramid_of_Giza
Nazca Lines,"Enormous desert geoglyphs depicting animals, plants and geometric paths.",-14.7392,-75.1305,https://upload.wikimedia.org/wikipedia/commons/e/ef/Nazca_lines.jpg,Iron Age,Peru,1927,High,FALSE,3,FALSE,FALSE,-200,"The Nazca Lines stretch across 450 km² of Peru’s Pampas de Jumana, created by removing iron‑rich pebbles to expose pale subsoil. Hundreds of figures include a 135‑m hummingbird, a condor and labyrinthine trapezoids aligning with horizon markers. Most date between 200 BCE and 600 CE, contemporaneous with Nazca pottery styles. Theories range from astronomical calendar, ritual walkways to water‑related ceremonies; recent isotope work links lines to puquio aquifer entrances. Drone surveys continue to discover new geoglyphs obscured by erosion and modern tracks. Threats include illegal mining, dune encroachment and protest vehicle damage; UNESCO status brings monitoring but enforcement challenges persist. The lines’ remarkable preservation stems from hyper‑arid climate and stable wind conditions.",https://en.wikipedia.org/wiki/Nazca_Lines
Great Zimbabwe,Medieval stone city with high dry‑stone walls and conical tower.,-20.2675,30.9333,https://upload.wikimedia.org/wikipedia/commons/5/5f/Great-Zimbabwe.jpg,Iron Age,Zimbabwe,1871,High,FALSE,2,FALSE,FALSE,1100,"Great Zimbabwe flourished between the 11th and 15th centuries, controlling gold and ivory trade routes to the Swahili coast. Its granite walls stand 11 m high without mortar, enclosing the Great Enclosure and Hill Complex. Soapstone bird sculptures found on site became national symbols of Zimbabwe. Excavations suggest elite habitation amid ritual areas, while commoners lived in surrounding valley settlements. European colonists once attributed the ruins to Phoenicians, but modern archaeology confirms Shona builders. Radiocarbon dates and glass bead origins illustrate shifting trade networks linking Africa to Persia and China. Site management now balances heritage tourism with community livestock grazing pressures.",https://en.wikipedia.org/wiki/Great_Zimbabwe
Machu Picchu,Inca royal estate perched on an Andean ridge above the Urubamba River.,-13.1631,-72.545,https://upload.wikimedia.org/wikipedia/commons/e/eb/Machu_Picchu.jpg,Late Horizon,Peru,1911,High,FALSE,2,FALSE,FALSE,1450,"Machu Picchu, often called the 'Lost City of the Inca', was built by Pachacuti around 1450 CE and escaped Spanish notice. Its terraces, fountains and temples exhibit mortarless ashlar masonry fitted to withstand earthquakes. The Intihuatana stone acts as a solar gnomon marking equinoxes and solstices. Llama‑distributed soil analysis shows imported fertile earth supporting maize and potatoes. UNESCO listing spurred a cap on daily visitors and a shuttle‑bus system to reduce erosion on the Inca Trail. Ongoing LiDAR reveals hidden terraces below jungle canopy, extending the site’s agricultural footprint. Debate continues whether Machu Picchu served primarily as royal retreat, ritual gateway or administrative hub.",https://en.wikipedia.org/wiki/Machu_Picchu
Easter Island Moai,Colossal stone statues carved by the Rapa Nui people from tuff quarries.,-27.1212,-109.3664,https://upload.wikimedia.org/wikipedia/commons/e/e0/Moai_Rano_raraku.jpg,Postclassic,Chile,1722,High,FALSE,5,FALSE,FALSE,1200,"Easter Island, or Rapa Nui, is dotted with 887 moai statues representing deified ancestors. Carved at Rano Raraku quarry, moai were 'walked' upright to coastal ahu platforms using rope‑rocking techniques. The tallest erected statue, Paro, stands 9.8 m and weighs 82 t; an unfinished giant would have reached 21 m. Deforestation driven by quarrying and Polynesian rat introduction led to ecological collapse, but new research nuances the timing. Restoration projects have re‑erected toppled moai and installed protective sea walls against rising tides. Isotopic analysis of tooth enamel shows diet shifts from sea to land resources over time, reflecting social change. Rapa Nui’s cultural renaissance today emphasises ancestral carving traditions and language revival.",https://en.wikipedia.org/wiki/Moai
Petra,Rose‑red Nabataean city carved into sandstone cliffs of southern Jordan.,30.3286,35.4444,https://upload.wikimedia.org/wikipedia/commons/0/09/Petra.jpg,Classical,Jordan,1812,High,FALSE,2,FALSE,FALSE,-300,"Petra, once the Nabataean capital, commanded incense trade routes between Arabia and the Mediterranean. Visitors approach through the Siq, a narrow gorge ending at Al‑Khazneh, the iconic Treasury façade. Rock‑cut tombs, temples and a Roman‑period theatre dot the valley, while hidden cisterns captured flash‑flood water. Arabic inscriptions and Byzantine churches attest to continuous occupation after Roman annexation. UNESCO listing in 1985 spurred site management plans addressing earthquake risk and tourist congestion. Archaeologists using drone photogrammetry recently mapped a massive ritual platform concealed beneath sand. Local Bedouin communities balance heritage stewardship with livelihoods from guiding and handicrafts.",https://en.wikipedia.org/wiki/Petra
Karnak,Egypt’s sprawling temple complex with 134 towering sandstone columns.,25.7188,32.6573,https://upload.wikimedia.org/wikipedia/commons/2/2c/Karnak.jpg,New Kingdom,Egypt,1738,High,FALSE,1,FALSE,FALSE,-2055,"Karnak’s sacred precinct of Amun‑Ra covers 100 ha at ancient Thebes. Successive pharaohs from Senusret I to the Ptolemies added pylons, obelisks and shrines over two millennia. The Hypostyle Hall’s 21‑m‑high columns still bear painted reliefs of processions and battle triumphs. An avenue of ram‑headed sphinxes once linked Karnak to Luxor Temple for the annual Opet festival. Groundwater drainage projects now combat rising salt that flakes sandstone reliefs. Laser scanning has produced a 3‑D model guiding restoration and virtual‑reality tours. Karnak exemplifies the layered architectural palimpsest of pharaonic religious power.",https://en.wikipedia.org/wiki/Karnak
Valley of the Kings,Hidden necropolis for Egypt’s New Kingdom pharaohs in Theban cliffs.,25.7402,32.6014,https://upload.wikimedia.org/wikipedia/commons/1/1f/Valley_of_the_Kings.jpg,New Kingdom,Egypt,1700,High,FALSE,4,FALSE,FALSE,-1530,"The Valley of the Kings holds over sixty tombs cut deep into limestone strata. Painted texts from the Amduat and Book of Gates guided royal souls through the afterlife. Tutankhamun’s tomb, discovered undisturbed in 1922, contained over 5,000 grave goods including the iconic gold mask. High‑resolution photographic surveys document pigment decay for conservation. Debate continues over radar anomalies in KV62 that may conceal additional chambers. Visitor routes now rotate to protect fragile tomb micro‑environments. The valley remains an unparalleled archive of ancient Egyptian theology and art.",https://en.wikipedia.org/wiki/Valley_of_the_Kings
Tikal,Guatemalan rainforest city dominated by sky‑piercing limestone temples.,17.221,-89.6237,https://upload.wikimedia.org/wikipedia/commons/d/d7/Tikal_Temple1.jpg,Classic,Guatemala,1848,High,FALSE,2,FALSE,FALSE,-200,"Tikal’s Temple IV rises 70 m above jungle canopy, once visible for kilometres. Stelae detail dynastic wars against Calakmul and star‑war rituals timed to Venus appearances. Reservoir sediment cores record severe drought preceding Tikal’s population collapse after 850 CE. LIDAR mapping in 2018 revealed causeways, fortifications and 60,000 hidden structures, tripling urban area estimates. Jaguar and howler monkey calls accompany visitors, highlighting bio‑cultural heritage. Conservation balances looting prevention, tourism and protection of endangered hardwood trees. Tikal underscores Maya engineering prowess in a tropical ecosystem.",https://en.wikipedia.org/wiki/Tikal
Yonaguni Monument,Submerged stepped terraces off Japan debated as natural or man‑made.,24.4553,123.0112,https://upload.wikimedia.org/wikipedia/commons/7/7d/Yonaguni.jpg,Unknown,Japan,1986,Moderate,TRUE,5,FALSE,FALSE,-10000,"Divers off Yonaguni Island in 1986 discovered massive sandstone terraces and right‑angled passages at 25 m depth. Geologist Masaaki Kimura argues wave‑cut platforms were later modified by Jōmon people; others see purely natural fracturing. Tool‑worked surfaces, alleged stone pillars and engraving traces remain contested. Sea‑level curves indicate submergence around 10,000 BCE, making any human shaping highly controversial. Scientific dives map micro‑striations and sediment infill to resolve the debate. Regardless of origin, the monument has become a popular technical‑diving site and case study in pseudo‑archaeology discourse. Future 3‑D photogrammetry may finally clarify anthropogenic signatures.",https://en.wikipedia.org/wiki/Yonaguni_Monument
Mohenjo‑Daro,Indus Valley city famed for grid streets and advanced drainage.,27.3294,68.1386,https://upload.wikimedia.org/wikipedia/commons/3/32/Mohenjo-daro_Sindh.jpeg,Bronze Age,Pakistan,1922,High,FALSE,2,FALSE,FALSE,-2500,"Mohenjo‑Daro—""Mound of the Dead""—was built c. 2500 BCE on the Indus floodplain. Its orthogonal street grid, baked‑brick houses and covered drains attest to unprecedented civic engineering. Granaries, assembly halls and a ""Great Bath"" indicate centralized authority and ritual purity. Standardized weights reveal extensive trade with Mesopotamia while stamp seals hint at complex administration. Rapid abandonment around 1900 BCE remains debated; shifting rivers and climate stress are prime suspects. UNESCO conservation teams now combat salt bloom and monsoon erosion threatening the unbaked brick superstructure. The site is crucial for understanding urbanism without kings or monumental temples.",https://en.wikipedia.org/wiki/Mohenjo-daro
Newgrange,Irish passage tomb that floods with light at winter solstice dawn.,53.6947,-6.4758,https://upload.wikimedia.org/wikipedia/commons/2/22/Newgrange.jpg,Neolithic,Ireland,1699,High,FALSE,4,FALSE,FALSE,-3200,"Newgrange, part of Brú na Bóinne, predates Stonehenge and the pyramids. A 19‑m passage leads to a cruciform chamber capped by a corbelled roof that remains waterproof after 5,000 years. Above the entrance, a roof‑box allows sunrise on the winter solstice to pierce the darkness—an early feat of astronomical alignment. Kerbstones display spirals and lozenges whose meaning still sparks debate. DNA studies suggest elite dynastic burials linking multiple Boyne tombs. Visitor numbers are limited by lottery to protect the monument’s micro‑climate. The tomb continues to inspire with its fusion of engineering, art and cosmology.",https://en.wikipedia.org/wiki/Newgrange
Derinkuyu Underground City,Multi‑level subterranean refuge carved deep into Cappadocian tuff.,38.3747,34.7306,https://upload.wikimedia.org/wikipedia/commons/6/63/Derinkuyu_underground_city.jpg,Classical,Turkey,1963,High,FALSE,2,FALSE,FALSE,-800,"Derinkuyu plunges 60 m below Cappadocia’s surface, containing ventilation shafts, wine presses, stables and chapels across 18 levels. Rolling‑stone doors could seal tunnels against invaders, likely Arab raiders or earlier Persian forces. Scholars estimate capacity at 20,000 people plus livestock for months at a time. Frescoes attest to Byzantine Christian use, while Hittite glyphs may hint at earlier origins. Modern mapping with ground‑penetrating radar suggests extensions still blocked by collapse. The Turkish Ministry of Culture manages controlled tourism to prevent CO₂ buildup and wall exfoliation. Derinkuyu exemplifies ingenious adaptation to volatile frontiers.",https://en.wikipedia.org/wiki/Derinkuyu_underground_city
Nan Madol,"Canal‑linked islets of basalt columns dubbed the ""Venice of the Pacific.""",6.838,158.236,https://upload.wikimedia.org/wikipedia/commons/4/4f/Nan_Madol.jpg,Classical,Micronesia,1874,High,FALSE,2,FALSE,FALSE,1200,"Nan Madol consists of 92 artificial islets built atop coral reef off Pohnpei. Prism‑shaped basalt columns form walls up to 8 m tall, enclosing tombs and ritual platforms of the Saudeleur dynasty. Archaeomagnetic dating places initial construction around 1180 CE with expansion through 1500 CE. The city lacks fresh water or farmland, implying elite ceremonial use supported by mainland tribute. Local legend claims sorcerers levitated stones, a myth echoing logistical marvels. UNESCO adds Nan Madol to its danger list due to mangrove encroachment and looting. Ongoing sonar surveys explore submerged causeways extending the complex underwater.",https://en.wikipedia.org/wiki/Nan_Madol
Çatalhöyük,Dense Neolithic settlement of mud‑brick homes entered through rooftops.,37.6667,32.8261,https://upload.wikimedia.org/wikipedia/commons/e/e3/Catalhoyuk.jpg,Neolithic,Turkey,1958,High,FALSE,2,FALSE,FALSE,-7100,"Çatalhöyük sprawled over 13 ha on the Konya Plain from 7100–6000 BCE. Houses packed wall‑to‑wall lacked streets; residents traversed rooftops and ladders. Wall paintings show hunting scenes and the world’s earliest map. Burials beneath floors reveal ancestral veneration, with skulls plastered and painted. Obsidian trade connected the community to Cappadocian sources 200 km away. Isotopic analysis differentiates diets between east and west mounds, hinting at social changes. The site pioneered open‑air conservation shelters and community‑driven heritage education.",https://en.wikipedia.org/wiki/Çatalhöyük
Caral,Oldest known city in the Americas featuring sunken circular plazas.,-10.8922,-77.5208,https://upload.wikimedia.org/wikipedia/commons/5/55/Caral.jpg,Preceramic,Peru,1994,High,FALSE,2,FALSE,FALSE,-2600,"Caral, in Peru’s Supe Valley, thrived between 2600–2000 BCE parallel to Egyptian pyramid building. Monumental platform mounds flank sunken plazas where quipu‑like knotted textiles suggest early information systems. Excavations found no warfare evidence but rich musical artifacts such as flutes made from pelican bones. Irrigated cotton and trading fisheries supported a non‑agricultural economy fueling urban growth. Radiocarbon and architectural sequencing reveal coordinated building episodes reflecting centralized planning. UNESCO designation in 2009 spurred sustainable tourism programs with local communities.",https://en.wikipedia.org/wiki/Caral
Hattusa,Capital of the Hittite Empire encircled by cyclopean walls and lion gate.,40.0181,34.6209,https://upload.wikimedia.org/wikipedia/commons/1/16/Hattusa.jpg,Bronze Age,Turkey,1834,High,FALSE,2,FALSE,FALSE,-1600,"Hattusa commands a loop of 6 km walls punctuated by sphinx and lion gates. Royal archives yielded over 30,000 cuneiform tablets detailing diplomacy, law and mythology, including the earliest Indo‑European text. A standout is the Egypt‑Hatti peace treaty with Ramses II. Rock sanctuary Yazılıkaya nearby depicts Hittite deities in procession carved into cliffs. Excavations show the city burned in 1200 BCE amid Bronze Age collapse. German Archaeological Institute conserves mud‑brick parapets using traditional clay plaster, blending research with heritage skills training.",https://en.wikipedia.org/wiki/Hattusa
Lothal,Indus port city boasting a brick dockyard and bead workshops.,22.5225,72.2462,https://upload.wikimedia.org/wikipedia/commons/a/a4/Lothal.jpg,Bronze Age,India,1954,High,FALSE,2,FALSE,FALSE,-2400,"Lothal sits on Gujarat’s Sabarmati river delta and features the earliest known tidal dock, 218 m long. Bead furnaces produced carnelian goods exported across Mesopotamia. Streets exhibit right‑angle drains feeding a central sewer. Fire altars and game boards suggest ritual and leisure facets of urban life. Recent satellite imagery identifies paleo‑channels confirming maritime access. The Archaeological Survey of India plans a site museum upgrade highlighting maritime heritage.",https://en.wikipedia.org/wiki/Lothal
Harappa,Major Indus Valley city with standardized baked‑brick architecture.,30.6333,72.8758,https://upload.wikimedia.org/wikipedia/commons/f/f9/Harappa.jpg,Bronze Age,Pakistan,1826,High,FALSE,2,FALSE,FALSE,-2600,"Harappa’s twin mounds once held granaries, assembly halls and residential blocks served by covered drains. Rosette seals and unicorn motifs show shared iconography with Mohenjo‑Daro. Faience ornaments and shell bangles attest to craft specialization and distant trade. Bioarchaeology reveals diverse diets and low rates of violence compared to contemporaries. Post‑urban phases saw smaller hamlets adapting to drying Saraswati river systems. Heritage management now combats illegal brick removal and urban encroachment.",https://en.wikipedia.org/wiki/Harappa
Mount Kailash,"Sacred Tibetan peak venerated by Hindus, Buddhists and Jains.",31.0675,81.3119,https://upload.wikimedia.org/wikipedia/commons/3/39/Mount_Kailash.jpg,Mythical,Tibet,Unknown,Speculative,TRUE,6,FALSE,FALSE,Natural Formation,"Mount Kailash rises 6,638 m and is considered the axis mundi in Hindu, Buddhist and Jain cosmology. Pilgrims circumambulate the peak’s 52 km kora route to erase sins, while climbing is forbidden out of reverence. The source glaciers of four major Asian rivers flow from its slopes. Myth links the mountain to Shiva’s abode and the mythical kingdom of Shambhala. Chinese authorities manage access, issuing limited permits and monitoring environmental impact. Climate change threatens retreat of Kailash’s glaciers, altering pilgrimage water sources.",https://en.wikipedia.org/wiki/Mount_Kailash
Gunung Padang,Indonesian hill whose buried terraces may predate known pyramids.,-6.9945,107.4916,https://example.com/images/gunung_padang.jpg,Mythical,Indonesia,1914,Moderate,TRUE,5,FALSE,FALSE,-5000,"Gunung Padang’s summit hosts columnar basalt terraces interpreted as a Neolithic stepped pyramid. Core drilling claims underlying chambers and carbon dates of 20,000 BCE, challenging orthodox timelines. Critics argue samples are slope colluvium, not cultural layers. Geopolymer studies detected possible cemented stonework, intensifying controversy. The Indonesian government established a task force for multidisciplinary investigation under volcanic‑risk safeguards. Whether natural or modified, Gunung Padang stimulates debate on deep‑time human capabilities.",https://en.wikipedia.org/wiki/Gunung_Padang_Megalithic_Site
Puma Punku,Precision‑cut andesite blocks at Tiwanaku puzzle engineers today.,-16.5475,-68.6722,https://upload.wikimedia.org/wikipedia/commons/0/0d/Puma_Punku.jpg,Classical,Bolivia,1876,High,FALSE,5,FALSE,FALSE,-500,Puma Punku’s H‑shaped blocks fit together like jigsaw pieces with tolerances under half a millimetre. Stone source studies show quarry sites 10 km away and complex sled transport. Carved dovetails likely secured bronze clamps binding blocks. Radiocarbon from stratigraphy dates earliest construction to 536 CE within Tiwanaku’s expansion. Myths of pre‑Inca giants arose from the site’s shattered masonry. Laser scans inform virtual reconstructions suggesting a multi‑tiered pyramid with water features. Conservation focuses on re‑erecting dislocated blocks and mitigating freeze‑thaw damage.,https://en.wikipedia.org/wiki/Pumapunku
Tiwanaku,Andean city near Lake Titicaca with monumental gateways and sunken courts.,-16.5581,-68.6731,https://upload.wikimedia.org/wikipedia/commons/f/f8/Tiwanaku.jpg,Classical,Bolivia,1549,High,FALSE,2,FALSE,FALSE,-300,"Tiwanaku served as capital of a civilisation spanning Bolivia, Peru and Chile between 400‑1000 CE. The Kalasasaya temple and Gate of the Sun align with solar events, reflecting sophisticated astronomy. Agricultural raised‑field systems (suka kollus) boosted crop yields in high‑altitude wetlands. Isotope analysis of sacrificial camelids indicates long‑distance llama caravans feeding trade hubs. Tiwanaku collapsed amid megadroughts, but its cultural legacy influenced Inca statecraft. UNESCO and Bolivia collaborate on site drainage and visitor infrastructure upgrades.",https://en.wikipedia.org/wiki/Tiwanaku
Dendera Temple,Egyptian temple of Hathor famed for its vivid zodiac ceiling.,26.1375,32.6697,https://upload.wikimedia.org/wikipedia/commons/4/4e/Dendera.jpg,Ptolemaic,Egypt,1798,High,FALSE,1,FALSE,FALSE,-225,"The Dendera complex surged under Ptolemy XII and Roman emperors, preserving one of Egypt’s best painted interiors. The zodiac relief on a chapel ceiling blends Hellenistic astrology with traditional deities. Crypt passages beneath the floor bear ritual scenes once reserved for priests. Light soot deposits show torches—not mythical electric bulbs—illuminated the chambers, debunking fringe claims. French‑Egyptian teams use UV imaging to study pigment layers and stabilise salt‑laden sandstone. Dendera remains a key witness to late pharaonic religious revival under Greco‑Roman rule.",https://en.wikipedia.org/wiki/Dendera_Temple_complex
Abu Simbel,Rock‑cut temples of Ramses II relocated to avoid Lake Nasser.,22.3372,31.6258,https://upload.wikimedia.org/wikipedia/commons/9/9c/Abu_Simbel.jpg,New Kingdom,Egypt,1813,High,FALSE,1,FALSE,FALSE,-1244,"Abu Simbel’s twin temples honor Ramses II and queen Nefertari, featuring 20‑m seated colossi gazing over the Nile. Solar alignment lights the sanctuary twice a year, on Ramses’ coronation and birthday. In the 1960s UNESCO cut the temples into 1,000 blocks, reassembling them 65 m higher as part of the Aswan High Dam salvage campaign. Interior battle reliefs glorify Kadesh victory, while Nubian god images assert imperial reach. Modern LED lighting replicates solar hierophany for visitors during relocation anniversary festivals. The site exemplifies international heritage cooperation.",https://en.wikipedia.org/wiki/Abu_Simbel_temples
Serpent Mound,"1,348‑ft earthen effigy snake winding across an Ohio ridge.",39.025,-83.43,https://upload.wikimedia.org/wikipedia/commons/6/6b/Serpent_Mound.jpg,Woodland,USA,1846,High,FALSE,4,FALSE,FALSE,-300,"Serpent Mound likely dates to the Fort Ancient culture around 1070 CE, though Adena origins are debated. The serpent’s head aligns with summer solstice sunset, while coils may mark lunar phases. Magnetic surveys detected habitation areas and earlier Adena burials nearby. Conservation involves erosion control and discouraging foot traffic on the fragile embankment. A small crater beneath the ridge suggests a meteor impact shaping site topography. Serpent Mound remains a powerful symbol for contemporary Native American groups advocating for mound protection.",https://en.wikipedia.org/wiki/Serpent_Mound
Skara Brae,Neolithic stone village in Orkney preserved under sand dunes.,59.048,-3.233,https://upload.wikimedia.org/wikipedia/commons/3/32/Skara_Brae.jpg,Neolithic,Scotland,1850,High,FALSE,2,FALSE,FALSE,-3100,"Storm erosion in 1850 exposed Skara Brae’s eight interconnected houses complete with stone beds and dressers. Midden sediments insulated interiors, preserving artifacts like dice, beads and carved stone balls. Isotope studies of cattle teeth reveal winter foddering, indicating livestock management skills. Abandonment around 2500 BCE coincides with climatic cooling and dune advance. UNESCO and Historic Environment Scotland monitor rising sea levels threatening cliff‑edge structures. Skara Brae offers a snapshot of daily life in Orkney’s prehistoric farming communities.",https://en.wikipedia.org/wiki/Skara_Brae
Cahokia Mounds,Largest pre‑Columbian city north of Mexico with 30‑m Monks Mound.,38.6557,-90.0645,https://upload.wikimedia.org/wikipedia/commons/4/49/Cahokia.jpg,Mississippian,USA,1811,High,FALSE,2,FALSE,FALSE,1050,"Cahokia covered 16 sq km near present‑day St. Louis, peaking at 20,000 inhabitants around 1100 CE. Monks Mound’s four terraces required moving 1.5 million m³ of soil basket by basket. Woodhenge timber circles tracked solstices and equinoxes, guiding agricultural rituals. Elite burials contained shell beads, copper plates and ritual sacrifices. Deforestation and flooding from Little Ice Age–era climate shifts likely spurred decline. Archaeologists employ ground‑penetrating radar to map hidden borrow pits and house basins. Cahokia reshapes narratives of complex societies in temperate North America.",https://en.wikipedia.org/wiki/Cahokia
Borobudur,A nine‑tier Buddhist mandala rising from Java’s jungle floor.,-7.6079,110.2038,https://upload.wikimedia.org/wikipedia/commons/9/9b/Borobudur.jpg,Medieval,Indonesia,1814,High,FALSE,1,FALSE,FALSE,800,"Borobudur, built circa 800 CE by the Sailendra dynasty, consists of six square terraces capped by three circular rings of perforated stupas. Its 2,672 bas‑relief panels narrate Buddhist cosmology, stretching for five kilometres if laid end to end. Seventy‑two lattice stupas each house a serene Buddha statue gazing toward the surrounding Kedu Plain. Volcanic ash and jungle swallowed the monument after the 10th century until Sir Stamford Raffles ordered its clearing in 1814. UNESCO‑led restorations between 1975‑85 dismantled 1.3 million stones to install drainage and concrete ring beams. Micro‑climate studies now monitor lichen growth and visitor humidity that threaten delicate carvings. Pilgrims circumambulate clockwise, symbolically ascending from the world of desire to enlightenment.",https://en.wikipedia.org/wiki/Borobudur
Lalibela Rock‑Hewn Churches,Monolithic Ethiopian churches carved top‑down into red volcanic tuff.,12.0311,39.0475,https://upload.wikimedia.org/wikipedia/commons/0/09/Lalibela.jpg,Medieval,Ethiopia,1840,High,FALSE,1,FALSE,FALSE,1200,"King Lalibela commissioned eleven churches in the 12th‑13th centuries to create a ""New Jerusalem"" for Ethiopian Christians. Artisans chiselled each church from living rock, starting at ground level and excavating downward to form freestanding volumes. Bete Giyorgis, the cross‑shaped masterpiece, sits in a cruciform pit linked by trench passageways to other sanctuaries. Interior murals display Coptic saints and hermetic symbols, while carved windows filter shafts of holy light. UNESCO stabilised cracks with stainless‑steel anchors and erected protective shelters over the most vulnerable roofs. Pilgrims flock during Timkat Epiphany, filling trenches with chanting and white‑robed processions. Archaeologists using photogrammetry continue mapping hidden tunnels and water channels beneath the complex.",https://en.wikipedia.org/wiki/Lalibela
Luxor Temple,Sandstone temple on the Nile aligned with the annual Opet procession.,25.6996,32.6396,https://upload.wikimedia.org/wikipedia/commons/a/ac/Luxor_Temple.jpg,New Kingdom,Egypt,1884,High,FALSE,1,FALSE,FALSE,-1400,"Luxor Temple, begun by Amenhotep III around 1400 BCE, remained a living shrine through Roman and Islamic eras. Ramesses II added colossal standing statues and the first pylon; one original obelisk now graces Paris’s Place de la Concorde. The temple’s central axis once connected via an avenue of sphinxes to Karnak two kilometres north, hosting the Opet festival. Roman legionaries built a camp within the sanctuary, inserting frescos of emperors in pharaonic guise. Under the mosque of Abu el‑Haggag, medieval additions perch atop ancient columns, illustrating layered sacred use. Modern laser cleaning reveals pigment traces on reliefs depicting the divine birth of Amenhotep III. Groundwater lowering projects now combat salt crystallisation threatening the sandstone blocks.",https://en.wikipedia.org/wiki/Luxor_Temple
Prambanan,Indonesia’s tallest Hindu temple complex dedicated to the Trimurti.,-7.7508,110.491,https://upload.wikimedia.org/wikipedia/commons/3/30/Prambanan.jpg,Medieval,Indonesia,1811,High,FALSE,1,FALSE,FALSE,850,"Prambanan rises 47 m with its central Shiva temple flanked by Brahma and Vishnu shrines, mirroring Hindu cosmology. Reliefs on balustrades recount the Ramayana; nighttime dance performances dramatise the epic before illuminated towers. Volcanic eruptions and 16th‑century earthquakes toppled many outer temples, whose stones locals reused for houses. Dutch archaeologists began reconstruction in 1937 using anastylosis, piecing original blocks together like a 3‑D puzzle. The 2006 Yogyakarta earthquake inflicted new damage, prompting seismic retrofitting with titanium rods. Prambanan exemplifies Java’s syncretic Sailendra‑Sanjava transition from Buddhism to Hinduism. Visitor caps and seismographs now safeguard the fragile masonry against both human and tectonic pressures.",https://en.wikipedia.org/wiki/Prambanan
Bagan Temples,"Plain of over 2,000 brick and gilded stupas along Myanmar’s Irrawaddy.",21.1717,94.8585,https://upload.wikimedia.org/wikipedia/commons/1/1e/Bagan.jpg,Medieval,Myanmar,1855,High,FALSE,1,FALSE,FALSE,1050,"From the 9th to 13th centuries the Bagan kingdom erected over 10,000 Buddhist monuments, 2,200 of which still dot the arid plain. Temples like Ananda and Dhammayangyi showcase corbelled arches, jataka murals and gilt spires visible at sunrise balloon flights. Earthquakes in 1975 and 2016 toppled many stupas; controversial cement repairs under the junta damaged authenticity. UNESCO inscription in 2019 ushered new conservation guidelines employing lime‑mortar and seismic base isolation. Laser scanning and satellite imagery map erosion risk from the shifting Irrawaddy River. Bagan’s astronomical alignments appear to mark solstice sunsets, guiding pilgrims along axial causeways. Controlled visitor routes now balance spiritual practices with heritage tourism revenue.",https://en.wikipedia.org/wiki/Bagan
Sigiriya,Sky‑palace fortress atop a 200‑m granite plug in Sri Lanka’s jungle.,7.9569,80.7593,https://upload.wikimedia.org/wikipedia/commons/9/96/Sigiriya.jpg,Classical,Sri Lanka,1831,High,FALSE,5,FALSE,FALSE,477,"King Kasyapa transformed Sigiriya, “Lion Rock,” into his capital in the 5th century CE. Mirror‑polished plaster walls once reflected frescoes of celestial maidens painted halfway up the cliff face. A brick lion‑shaped gateway gave the citadel its name; only the paws remain flanking a stairway to summit palaces. Hydraulic engineers fed terraced water gardens with fountains still spouting during monsoon months. After Kasyapa’s death the site became a Buddhist monastery until the 14th century. Archaeologists employ LiDAR to reveal hidden cave monasteries around the rock’s base. Sigiriya is celebrated as a masterpiece of urban planning, art and landscape design harmonised with geology.",https://en.wikipedia.org/wiki/Sigiriya
Carnac Stones,"Alignments of over 3,000 Neolithic standing stones in Brittany.",47.5958,-3.0823,https://upload.wikimedia.org/wikipedia/commons/8/8b/Carnac.jpg,Neolithic,France,1800,High,FALSE,5,FALSE,FALSE,-3300,"The Carnac megalithic complex spans four kilometres of stone rows known as alignements, erected between 4500–3300 BCE. Some menhirs exceed four metres, arranged in gradually increasing height toward the west. Theories for their purpose range from processional avenues and lunar observatories to clan territorial markers. Nearby tumuli such as Tour‑d’Er Grah house rich burials with polished axes and Baltic amber, indicating trade links. Laser scanning documents micro‑erosion from acidic rain and tourist touch; protective boardwalks now channel visitors. Archaeomagnetic dating refines construction phases, hinting at continuous monumentality over a millennium. Carnac forms a key node in Europe’s Atlantic Neolithic megalithic tradition.",https://en.wikipedia.org/wiki/Carnac_stones
Maeshowe,Orkney chambered cairn aligned to winter solstice sunset.,58.9953,-3.1873,https://upload.wikimedia.org/wikipedia/commons/d/d2/Maeshowe.jpg,Neolithic,Scotland,1861,High,FALSE,4,FALSE,FALSE,-2800,"Maeshowe’s 14‑m diameter mound hides a corbelled central chamber accessed by an 11‑m passage. Sunset on winter solstice illuminates the rear wall, echoing rituals of rebirth in the darkest days. Viking looters in the 12th century left runic graffiti describing treasure and carving dragons. Laser scans reveal carving tool marks and structural shifts in outer retaining walls. Maeshowe anchors the Heart of Neolithic Orkney UNESCO landscape with nearby Ring of Brodgar and Skara Brae. Visitor numbers are timed to preserve stable humidity inside the chamber. Ongoing climate change threatens surrounding peat soils, prompting drainage studies.",https://en.wikipedia.org/wiki/Maeshowe
Dolmens of Antequera,Three giant Iberian megalithic tombs aligned to mountain landmarks.,37.0144,-4.5617,https://upload.wikimedia.org/wikipedia/commons/6/6d/Dolmen_de_Menga.jpg,Neolithic,Spain,1903,High,FALSE,4,FALSE,FALSE,-3700,"The Antequera Dolmens—Menga, Viera and El Romeral—were built between 3700 and 3200 BCE using stone slabs up to 180 t. Unusually, Menga’s axis points not to the sunrise but to Peña de los Enamorados, a human‑profile rock outcrop. Excavations found the bones of several hundred individuals and a 19.5‑m deep ritual well. El Romeral’s beehive chamber echoes Mycenaean tholos tombs, suggesting convergent engineering. Laser vibrometry assesses seismic vulnerability given Andalusia’s moderate quake risk. UNESCO inscription in 2016 spurred visitor centre upgrades and landscape restoration. The complex exemplifies early European integration of monumentality with distinctive natural vistas.",https://en.wikipedia.org/wiki/Dolmen_of_Menga
Mount Nemrut,Mountain‑top tomb of King Antiochus I ringed by colossal deities.,37.9813,38.7409,https://upload.wikimedia.org/wikipedia/commons/b/bb/Nemrut.jpg,Hellenistic,Turkey,1881,High,FALSE,5,FALSE,FALSE,-62,"In 62 BCE Antiochus I of Commagene built his hierotheseion atop Mount Nemrut, 2,134 m above sea level. A conical tumulus of crushed limestone crowns the summit, flanked by seated statues of Greek‑Iranian gods with detached heads scattered by earthquakes. Eastern and western terraces host relief stelae depicting Antiochus’s Persian ancestors and Alexander the Great. Astronomical reliefs show Halley’s Comet passage, suggesting royal claim to cosmic favour. Turkish conservators use 3‑D photogrammetry to monitor freeze‑thaw cracks and visitor erosion. Sunrise and sunset cast dramatic shadows, turning the summit into a pilgrimage for photographers. UNESCO listing ensures ongoing structural and environmental monitoring of this unique syncretic monument.",https://en.wikipedia.org/wiki/Mount_Nemrut
Knossos,Bronze Age palace on Crete linked to the labyrinth and Minotaur myth.,35.2989,25.1596,https://upload.wikimedia.org/wikipedia/commons/0/06/Knossos.jpg,Bronze Age,Greece,1878,High,FALSE,2,FALSE,FALSE,-1700,"Sir Arthur Evans excavated Knossos in 1900, revealing multi‑storey palatial complexes with colourful frescoes of bull‑leapers. Labyrinthine corridors inspired the myth of Theseus and the Minotaur, though functions were administrative and ceremonial. Linear B tablets record inventories and taxes, evidencing an early Greek script. Evans’s concrete reconstructions remain controversial but protect fragile originals. Seismic retrofits now stabilise columns against frequent Aegean quakes. New excavations use micro‑XRF to map pigment composition, shedding light on Minoan art palettes. Knossos highlights Minoan maritime power and sophisticated palace economy.",https://en.wikipedia.org/wiki/Knossos
Troy,Multi‑layered city mound associated with Homer’s Iliad.,39.9578,26.2389,https://upload.wikimedia.org/wikipedia/commons/b/b3/Troy.jpg,Bronze Age,Turkey,1870,High,FALSE,2,FALSE,FALSE,-3000,"Hisarlik hill preserves nine major occupation layers from Early Bronze to Roman periods. Troy VI’s massive limestone walls and towered gates fit Homeric descriptions, but Troy VIIa shows burn layers from 1180 BCE. Recent excavation uncovered a 400‑BCE temple to Athena sealing earlier strata. Bioarchaeology of pig remains indicates shifts in diet and trade during Hittite control. The Trojan War likely amalgamates conflicts over Dardanelles trade routes. UNESCO and Turkish authorities opened a new onsite museum displaying Schliemann’s trenches and 3‑D virtual reconstructions. Ongoing geomorphology maps coastline shifts affecting harbour accessibility over millennia.",https://en.wikipedia.org/wiki/Troy
Ajanta Caves,Rock‑cut Buddhist monasteries famed for vivid Gupta‑era murals.,20.552,75.7033,https://upload.wikimedia.org/wikipedia/commons/7/7d/Ajanta.jpg,Classical,India,1819,High,FALSE,1,FALSE,FALSE,200,"Ajanta’s 30 caves arc along a horseshoe cliff overlooking the Waghora River gorge. Early Hinayana chaitya halls date to 2nd century BCE, while ornate Mahayana viharas followed 500 years later. Murals depict Jataka tales with rich lapis, malachite and cinnabar pigments still luminous in flickering lamplight. Humidity sensors and fibre‑optic lighting now protect delicate wall paintings from mould. Laser mapping helps identify micro‑fissures threatening collapse of rock pillars. UNESCO listing limits visitor numbers and bans flash photography. Ajanta’s iconographic programme influenced Buddhist art across Asia.",https://en.wikipedia.org/wiki/Ajanta_Caves
Templo Mayor,Aztec twin‑shrine pyramid uncovered beneath Mexico City's Zócalo.,19.4352,-99.131,https://upload.wikimedia.org/wikipedia/commons/0/0c/Templo_Mayor.jpg,Late Postclassic,Mexico,1978,High,FALSE,1,FALSE,FALSE,1325,"Templo Mayor housed shrines to war god Huitzilopochtli and rain god Tlaloc, symbolising duality of war and fertility. Spanish conquistadors demolished it in 1521, erecting a cathedral atop the rubble. Modern digs revealed seven construction phases, each encapsulating previous temples like nesting dolls. Offerings include jaguar skins, coral, and a giant monolith of the moon goddess Coyolxauhqui. Seismic monitoring tracks subsidence in the soft lacustrine soils of Mexico City. The onsite museum contextualises artefacts amid immersive digital reconstructions. Templo Mayor illuminates Aztec cosmology and imperial ritual sacrifice.",https://en.wikipedia.org/wiki/Templo_Mayor
Qal'at al‑Bahrain,"Tell housing Dilmun’s capital, fort and Greek‑era levels in Bahrain.",26.2333,50.52,https://upload.wikimedia.org/wikipedia/commons/2/2a/Qal%27at_al-Bahrain.jpg,Bronze Age,Bahrain,1954,High,FALSE,2,FALSE,FALSE,-2050,"Qal'at al‑Bahrain’s 12‑m mound records 4,000 years of human activity from Dilmun merchants to Portuguese garrisons. Cuneiform letters mention Dilmun as a trade entrepôt between Mesopotamia and the Indus. Excavations unearthed chert seals, copper ingots and a Hellenistic garrison barracks. The layered fortifications reveal Islamic glazed ware and Portuguese cannon embrasures. UNESCO designation spurred coastal mangrove restoration protecting site viewsheds. Ground‑penetrating radar identifies preserved harbour walls buried under reclaimed land. Qal'at al‑Bahrain anchors Bahrain's identity as a crossroads of ancient commerce.",https://en.wikipedia.org/wiki/Qal%27at_al-Bahrain
Tell es‑Sultan (Jericho),Site of the world’s earliest known city fortifications and tower.,31.8722,35.4433,https://upload.wikimedia.org/wikipedia/commons/8/83/Tell_es_Sultan.jpg,Neolithic,Palestine,1868,High,FALSE,2,FALSE,FALSE,-9000,"Kathleen Kenyon’s 1950s stratigraphy revealed Natufian huts, Pre‑Pottery Neolithic mud‑brick houses and a 9 m stone tower dated to 8000 BCE. Radiocarbon calibration places massive defensive walls centuries earlier than previously thought. Later Bronze Age layers show earthquake damage supporting theories of cyclical destruction. Archaeomagnetic studies examine baked mud‑brick orientations to refine collapse events. Modern conservation stabilises eroding balks in Jericho’s harsh arid climate. The Palestinian Department of Antiquities and UNESCO plan a protective shelter over the tower. Tell es‑Sultan charts humanity’s transition from hunter‑gatherers to urban dwellers.",https://en.wikipedia.org/wiki/Tell_es-Sultan
Çayönü,Early Anatolian village evidencing sheep domestication and skull cult.,38.1667,39.65,https://upload.wikimedia.org/wikipedia/commons/3/34/Cayonu.jpg,Neolithic,Turkey,1964,High,FALSE,2,FALSE,FALSE,-8000,"Çayönü Tepesi lies in the Taurus foothills, occupied 8800–6600 BCE. Architecture evolved from grill‑plan raised floors to cobble‑paved cell houses. Evidence of early copper annealing predates metallurgy elsewhere by millennia. A 'skull building' contained plastered crania arranged on benches, hinting at ancestor rituals. Stable‑isotope work on sheep bones documents the shift from hunting to controlled breeding. Remote sensing maps water‑management channels that supported mixed cereal cultivation. Çayönü provides a key window on Neolithic innovations in northern Mesopotamia.",https://en.wikipedia.org/wiki/Çay%C3%B6n%C3%BC
Lepenski Vir,Mesolithic Danube site with trapezoidal houses and fish‑deity sculptures.,44.5525,22.02,https://upload.wikimedia.org/wikipedia/commons/0/01/Lepenski_Vir.jpg,Mesolithic,Serbia,1960,High,FALSE,2,FALSE,FALSE,-6500,Lepenski Vir’s riverside terraces feature unique trapezoidal house floors oriented to the mid‑winter sunrise. Stone idols with fish and human traits may represent riverine deities. Stable‑isotope analysis of human bones shows heavy reliance on Danube fish. Red ochre burials under house floors indicate complex ancestor veneration. Rising waters from the Iron Gate dam threatened the site; a protective glass pavilion now shields remaining structures. DNA reveals links to both western hunter‑gatherers and incoming Neolithic farmers. The site captures cultural fusion at the dawn of European farming.,https://en.wikipedia.org/wiki/Lepenski_Vir
Mapungubwe,Hilltop capital of a southern African kingdom trading gold and ivory.,-22.2,29.5,https://upload.wikimedia.org/wikipedia/commons/3/37/Mapungubwe.jpg,Medieval,South Africa,1933,High,FALSE,2,FALSE,FALSE,1050,Mapungubwe thrived 1050‑1300 CE at the Limpopo‑Shashe confluence controlling trade between interior goldfields and Swahili ports. Golden rhinoceros and sceptre relics from the royal hill attest to elite power and craftsmanship. A rigid spatial hierarchy separated rulers on the hill from commoners in valley settlements. Climate proxies point to drought cycles coinciding with abandonment and shift to Great Zimbabwe. UNESCO status integrates cultural heritage with a trans‑frontier wildlife park. Ground‑based LiDAR maps stone terrace agriculture underpinning surplus production. Mapungubwe illuminates the rise of complex polities in southern Africa.,https://en.wikipedia.org/wiki/Kingdom_of_Mapungubwe
Kilwa Kisiwani,Swahili city‑state whose coral‑rag palaces testify to Indian Ocean trade.,-8.9594,39.52,https://upload.wikimedia.org/wikipedia/commons/2/26/Kilwa_Kisiwani.jpg,Medieval,Tanzania,1845,High,FALSE,2,FALSE,FALSE,900,"From the 10th to 15th centuries Kilwa controlled gold and ivory flow from Zimbabwe to Arabian and Indian markets. Great Mosque—Africa’s oldest surviving—sports coral‑stone domes and mihrab niches. Husuni Kubwa palace held 100 rooms, staircases and octagonal pools showcasing Swahili‑Persian opulence. Chinese porcelain shards and Arabian glass beads evidence cosmopolitan trade links. UNESCO and local custodians combat mangrove encroachment and erosion undermining coral architecture. Underwater archaeology surveys dhow anchorages and stone‑lined landing stages. Kilwa’s rise and fall mirror fluctuating monsoon trade winds and Portuguese intervention.",https://en.wikipedia.org/wiki/Kilwa_Kisiwani